Bal,Brick,Dist,Floor,Kitsp,Livsp,Metrdist,N,New,Nfloors,Price,Rooms,Tel,Totsp,Walk,district
0,0,17583.0536953293,7,6.0,21.0,10.0,0,0,9,5300000,1,1,35.0,1,Orekhovo-Borisovo Yuzhnoye
1,0,17321.14173009219,8,1.0,34.0,7.0,1,0,17,10300000,2,1,60.0,1,Orekhovo-Borisovo Yuzhnoye
1,0,18222.886658181073,12,7.0,45.0,10.0,2,0,12,8804254,3,1,66.0,1,Orekhovo-Borisovo Yuzhnoye
1,1,18324.89228448692,6,0.0,18.0,7.0,3,1,12,3660800,1,1,28.6,1,Orekhovo-Borisovo Yuzhnoye
1,1,18324.89228448692,6,0.0,15.0,10.0,4,1,19,3660800,1,1,28.6,1,Orekhovo-Borisovo Yuzhnoye
1,1,18324.89228448692,2,1.0,20.0,7.0,5,1,8,4320000,1,1,36.0,1,Orekhovo-Borisovo Yuzhnoye
1,1,18324.89228448692,7,1.0,20.0,7.0,6,1,8,4575000,1,1,36.6,1,Orekhovo-Borisovo Yuzhnoye
1,1,18324.89228448692,2,1.0,20.0,7.0,7,1,12,4588000,1,1,37.0,1,Orekhovo-Borisovo Yuzhnoye
0,0,18361.331118902075,2,9.0,21.0,15.0,8,0,12,4799000,1,1,33.0,1,Orekhovo-Borisovo Yuzhnoye
1,0,18339.34580864216,7,6.0,22.0,14.0,9,0,9,4900000,1,1,37.0,1,Orekhovo-Borisovo Yuzhnoye
1,0,18339.34580864216,4,6.0,21.0,12.0,10,0,12,4900000,1,1,34.0,1,Orekhovo-Borisovo Yuzhnoye
1,0,18503.755441547524,5,7.0,18.0,20.0,11,0,9,5000000,1,1,35.0,1,Orekhovo-Borisovo Yuzhnoye
0,0,18349.00938390612,3,6.0,19.0,10.0,12,0,9,5100000,1,1,33.0,1,Orekhovo-Borisovo Yuzhnoye
1,1,18324.89228448692,14,1.0,20.0,7.0,13,1,14,5175000,1,1,37.5,1,Orekhovo-Borisovo Yuzhnoye
1,0,18016.28543306593,5,6.0,20.0,15.0,14,0,9,5200000,1,1,35.0,1,Orekhovo-Borisovo Yuzhnoye
1,0,17687.05387268861,5,6.0,21.0,10.0,15,0,9,5250000,1,1,35.0,1,Orekhovo-Borisovo Yuzhnoye
1,0,18314.731198294932,2,8.0,19.0,11.0,16,0,17,5300000,1,1,38.0,0,Orekhovo-Borisovo Yuzhnoye
1,0,17583.0536953293,7,7.0,20.8,10.0,17,0,9,5300000,1,1,34.3,1,Orekhovo-Borisovo Yuzhnoye
1,0,18273.16868658891,7,8.0,19.2,11.0,18,0,17,5300000,1,1,38.1,1,Orekhovo-Borisovo Yuzhnoye
1,0,18537.985679531503,14,9.0,28.7,10.0,19,0,16,5350000,1,0,39.0,1,Orekhovo-Borisovo Yuzhnoye
0,0,17829.269443851517,7,7.0,19.0,9.0,20,0,9,5380000,1,1,33.0,1,Orekhovo-Borisovo Yuzhnoye
0,0,17321.14173009219,1,8.0,20.0,3.0,21,0,17,5450000,1,1,37.0,1,Orekhovo-Borisovo Yuzhnoye
0,0,18279.878974684423,3,8.0,19.0,15.0,22,0,12,5500000,1,1,35.1,1,Orekhovo-Borisovo Yuzhnoye
0,1,18324.89228448692,13,1.0,16.0,7.0,23,1,19,5679360,1,1,38.4,1,Orekhovo-Borisovo Yuzhnoye
1,0,18085.83074781832,17,9.0,19.0,15.0,24,0,17,5690000,1,1,39.0,1,Orekhovo-Borisovo Yuzhnoye
1,0,18395.319538245232,14,8.0,20.0,10.0,25,0,17,5700000,1,1,39.0,1,Orekhovo-Borisovo Yuzhnoye
0,0,17084.694504593084,9,7.0,18.5,2.0,26,0,9,5800000,1,0,32.3,1,Orekhovo-Borisovo Yuzhnoye
0,1,18324.89228448692,12,1.0,16.0,7.0,27,1,13,5863050,1,1,38.7,1,Orekhovo-Borisovo Yuzhnoye
1,0,18349.00938390612,4,0.0,36.0,15.0,28,0,9,9250000,3,1,58.1,1,Orekhovo-Borisovo Yuzhnoye
1,1,18324.89228448692,2,1.0,35.0,7.0,29,1,12,6555600,2,1,60.7,1,Orekhovo-Borisovo Yuzhnoye
1,0,17321.14173009219,8,1.0,34.0,7.0,30,0,17,10300000,2,1,60.0,1,Orekhovo-Borisovo Yuzhnoye
0,1,18324.89228448692,18,1.0,16.0,7.0,31,1,19,5878290,1,1,37.9,1,Orekhovo-Borisovo Yuzhnoye
1,1,18324.89228448692,11,1.0,18.0,7.0,32,1,11,5878200,1,1,38.8,1,Orekhovo-Borisovo Yuzhnoye
0,1,18324.89228448692,13,1.0,16.0,7.0,33,1,19,6002100,1,1,35.1,1,Orekhovo-Borisovo Yuzhnoye
1,1,18324.89228448692,10,1.0,18.0,7.0,34,1,12,6291480,1,1,43.6,1,Orekhovo-Borisovo Yuzhnoye
0,0,17849.894169214964,5,6.0,31.0,16.0,35,0,9,6300000,2,1,44.3,1,Orekhovo-Borisovo Yuzhnoye
1,1,18324.89228448692,12,1.0,18.0,7.0,36,1,12,6399180,1,1,43.8,1,Orekhovo-Borisovo Yuzhnoye
1,1,18324.89228448692,12,1.0,18.0,7.0,37,1,16,6464640,1,1,44.8,1,Orekhovo-Borisovo Yuzhnoye
1,0,18680.912910828414,2,9.0,34.0,20.0,38,0,16,6500000,2,0,53.5,1,Orekhovo-Borisovo Yuzhnoye
1,0,18373.577847139088,2,8.0,30.6,12.0,39,0,17,6750000,2,1,51.8,1,Orekhovo-Borisovo Yuzhnoye
1,0,17272.208146419936,1,7.0,31.0,6.0,40,0,9,6750000,2,1,45.0,0,Orekhovo-Borisovo Yuzhnoye
1,0,17191.559959917886,17,1.0,20.1,9.0,41,0,22,6800000,1,1,40.0,0,Orekhovo-Borisovo Yuzhnoye
0,0,17120.658502215825,2,6.0,36.0,10.0,42,0,9,6900000,3,1,53.1,1,Orekhovo-Borisovo Yuzhnoye
1,0,17221.443586559893,14,1.0,19.3,13.0,43,0,16,6950000,1,1,34.7,1,Orekhovo-Borisovo Yuzhnoye
1,0,18203.523578481185,4,8.0,31.5,9.0,44,0,17,6990000,2,1,51.0,1,Orekhovo-Borisovo Yuzhnoye
1,0,17791.50320726851,9,6.0,29.5,7.0,45,0,9,7100000,2,1,45.5,1,Orekhovo-Borisovo Yuzhnoye
1,0,18441.36939417144,12,7.0,33.0,21.0,46,0,12,7200000,2,1,50.1,1,Orekhovo-Borisovo Yuzhnoye
1,0,17292.99369725434,4,6.0,29.0,10.0,47,0,9,7300000,2,1,45.0,1,Orekhovo-Borisovo Yuzhnoye
1,0,17873.50487043106,12,9.0,32.0,4.0,48,0,17,7400000,2,1,54.0,1,Orekhovo-Borisovo Yuzhnoye
1,0,18462.81234997508,9,7.0,38.6,19.0,49,0,9,7500000,3,1,59.8,1,Orekhovo-Borisovo Yuzhnoye
1,0,18058.763117711245,8,1.0,48.0,16.0,50,0,12,7600000,3,0,64.0,1,Orekhovo-Borisovo Yuzhnoye
1,0,17272.208146419936,3,6.0,33.4,3.0,51,0,9,7600000,3,1,50.0,1,Orekhovo-Borisovo Yuzhnoye
1,0,17833.200175504204,1,7.0,40.0,12.0,52,0,9,7700000,3,1,60.0,1,Orekhovo-Borisovo Yuzhnoye
1,0,17857.590639608952,15,9.0,32.4,4.0,53,0,17,7890000,2,1,54.0,1,Orekhovo-Borisovo Yuzhnoye
1,0,18314.731198294932,17,8.0,30.7,11.0,54,0,17,7900000,2,1,51.8,1,Orekhovo-Borisovo Yuzhnoye
1,1,18324.89228448692,4,1.0,34.0,7.0,55,1,10,8020530,2,1,60.9,1,Orekhovo-Borisovo Yuzhnoye
0,0,17583.0536953293,7,6.0,21.0,10.0,56,0,9,5300000,1,1,35.0,1,Orekhovo-Borisovo Yuzhnoye
1,0,17321.14173009219,8,1.0,34.0,7.0,57,0,17,10300000,2,1,60.0,1,Orekhovo-Borisovo Yuzhnoye
1,1,18771.56085808203,24,9.0,18.0,20.0,58,0,25,5999000,1,1,39.0,1,Orekhovo-Borisovo Yuzhnoye
1,1,18324.89228448692,8,1.0,38.0,7.0,59,1,11,8320110,2,1,59.9,1,Orekhovo-Borisovo Yuzhnoye
1,1,18324.89228448692,7,1.0,45.0,7.0,60,1,14,8345200,2,1,67.3,1,Orekhovo-Borisovo Yuzhnoye
1,1,18324.89228448692,9,1.0,38.0,7.0,61,1,15,8498880,2,1,62.4,1,Orekhovo-Borisovo Yuzhnoye
0,0,18618.716637523008,4,9.0,30.0,23.0,62,0,25,8500000,2,1,58.5,1,Orekhovo-Borisovo Yuzhnoye
1,1,18324.89228448692,10,1.0,34.0,7.0,63,1,14,8623590,2,1,62.9,1,Orekhovo-Borisovo Yuzhnoye
1,0,18010.133711546117,4,7.0,39.0,10.0,64,0,12,8700000,3,1,62.0,1,Orekhovo-Borisovo Yuzhnoye
1,1,18324.89228448692,13,1.0,38.0,7.0,65,1,15,8823840,2,1,59.3,1,Orekhovo-Borisovo Yuzhnoye
0,0,17525.822394936313,9,8.0,38.0,7.0,66,0,9,9000000,3,1,60.0,1,Orekhovo-Borisovo Yuzhnoye
0,1,18324.89228448692,13,1.0,36.0,7.0,67,1,19,9315200,2,1,56.8,1,Orekhovo-Borisovo Yuzhnoye
1,0,18655.223491685865,15,1.0,43.9,12.0,68,0,16,9430000,3,1,76.0,1,Orekhovo-Borisovo Yuzhnoye
1,0,17983.575323326502,2,1.0,46.0,4.0,69,0,17,9450000,3,0,74.0,1,Orekhovo-Borisovo Yuzhnoye
0,0,18203.523578481185,1,1.0,45.0,8.0,70,0,17,10000000,3,1,77.0,1,Orekhovo-Borisovo Yuzhnoye
0,1,18324.89228448692,15,1.0,38.0,7.0,71,1,19,10126000,2,1,61.0,1,Orekhovo-Borisovo Yuzhnoye
1,0,18680.912910828414,5,1.0,46.2,22.0,72,0,17,10300000,3,1,75.0,1,Orekhovo-Borisovo Yuzhnoye
1,0,18262.418243985165,16,1.0,45.0,10.0,73,0,17,10490000,3,1,78.0,1,Orekhovo-Borisovo Yuzhnoye
1,0,17929.745508968696,10,7.0,53.6,12.0,74,0,12,10500000,4,1,83.5,1,Orekhovo-Borisovo Yuzhnoye
1,0,18263.52372707733,11,1.0,44.9,12.0,75,0,17,10500000,3,1,74.1,1,Orekhovo-Borisovo Yuzhnoye
1,0,18531.87033058991,3,1.0,46.0,20.0,76,0,16,10800000,3,1,77.8,1,Orekhovo-Borisovo Yuzhnoye
1,0,18262.418243985165,6,1.0,46.0,10.0,77,0,17,10990000,3,1,75.0,1,Orekhovo-Borisovo Yuzhnoye
1,0,18680.912910828414,11,1.0,46.0,12.0,78,0,17,11500000,3,1,80.0,0,Orekhovo-Borisovo Yuzhnoye
1,0,18283.464788663074,11,1.0,45.0,10.0,79,0,17,11500000,3,1,75.5,1,Orekhovo-Borisovo Yuzhnoye
1,1,18324.89228448692,16,1.0,60.0,7.0,80,1,19,11742000,3,1,82.4,1,Orekhovo-Borisovo Yuzhnoye
1,1,18324.89228448692,8,1.0,60.0,7.0,81,1,19,12025800,3,1,78.6,1,Orekhovo-Borisovo Yuzhnoye
1,0,18172.036640638875,17,1.0,45.0,8.0,82,0,17,12150000,3,1,75.0,1,Orekhovo-Borisovo Yuzhnoye
1,1,18324.89228448692,11,1.0,60.0,7.0,83,1,12,12654330,3,1,92.3,1,Orekhovo-Borisovo Yuzhnoye
1,1,18324.89228448692,3,0.0,18.0,7.0,84,1,10,3575000,1,1,28.6,1,Orekhovo-Borisovo Yuzhnoye
1,1,18771.56085808203,24,9.0,18.0,20.0,85,0,25,5999000,1,1,39.0,1,Orekhovo-Borisovo Yuzhnoye
1,1,18324.89228448692,2,1.0,35.0,7.0,86,1,12,6555600,2,1,60.7,1,Orekhovo-Borisovo Yuzhnoye
1,1,18324.89228448692,3,6.0,15.0,10.0,87,1,10,3460000,1,1,29.0,1,Orekhovo-Borisovo Yuzhnoye
1,1,18324.89228448692,5,1.0,16.0,10.0,88,1,6,4360000,1,1,36.5,1,Orekhovo-Borisovo Yuzhnoye
1,0,18339.34580864216,1,6.0,21.0,15.0,89,0,9,4450000,1,1,35.0,1,Orekhovo-Borisovo Yuzhnoye
0,0,18200.558969887737,2,9.0,20.0,15.0,90,0,12,4600000,1,1,32.0,1,Orekhovo-Borisovo Yuzhnoye
0,0,17194.757493519835,4,7.0,16.0,10.0,91,0,9,4700000,1,1,28.0,1,Orekhovo-Borisovo Yuzhnoye
0,0,18361.331118902075,2,9.0,20.0,15.0,92,0,12,4790000,1,1,35.7,1,Orekhovo-Borisovo Yuzhnoye
0,0,17292.99369725434,1,6.0,20.0,10.0,93,0,9,4797000,1,1,33.0,1,Orekhovo-Borisovo Yuzhnoye
0,0,18361.331118902075,2,8.0,19.8,15.0,94,0,12,4800000,1,1,35.7,1,Orekhovo-Borisovo Yuzhnoye
1,0,18042.821050449988,13,8.0,19.2,8.0,95,0,17,4900000,1,1,38.2,1,Orekhovo-Borisovo Yuzhnoye
0,0,17849.894169214964,2,6.0,19.0,15.0,96,0,9,4950000,1,1,32.7,1,Orekhovo-Borisovo Yuzhnoye
1,0,18494.847834672375,5,6.0,21.0,17.0,97,0,9,4990000,1,1,35.0,1,Orekhovo-Borisovo Yuzhnoye
0,0,18229.580674272685,2,6.0,14.5,5.0,98,0,9,4990000,1,1,27.0,0,Orekhovo-Borisovo Yuzhnoye
0,0,18349.00938390612,7,6.0,19.0,10.0,99,0,9,5000000,1,1,33.0,1,Orekhovo-Borisovo Yuzhnoye
0,0,17575.43676350326,1,9.0,20.0,10.0,100,0,12,4999999,1,0,39.0,1,Orekhovo-Borisovo Yuzhnoye
0,0,17575.43676350326,1,9.0,20.0,7.0,101,0,12,4999999,1,1,39.0,1,Orekhovo-Borisovo Yuzhnoye
0,0,17575.43676350326,1,9.0,20.0,10.0,102,0,12,4999999,1,1,39.0,1,Orekhovo-Borisovo Yuzhnoye
1,0,18503.755441547524,4,6.0,20.0,10.0,103,0,9,5000000,1,1,35.0,0,Orekhovo-Borisovo Yuzhnoye
1,0,18289.584523040066,3,7.0,21.0,15.0,104,0,9,5000000,1,0,35.0,1,Orekhovo-Borisovo Yuzhnoye
1,0,18178.268927856912,2,6.0,19.6,11.0,105,0,9,5100000,1,1,33.4,0,Orekhovo-Borisovo Yuzhnoye
0,0,17153.196853481826,8,6.0,19.3,3.0,106,0,9,5100000,1,1,32.6,1,Orekhovo-Borisovo Yuzhnoye
1,0,17587.760957766368,7,6.0,20.0,5.0,107,0,9,5200000,1,1,33.5,1,Orekhovo-Borisovo Yuzhnoye
0,0,18279.878974684423,12,6.0,19.1,12.0,108,0,12,5200000,1,1,34.3,1,Orekhovo-Borisovo Yuzhnoye
1,0,17585.183921577638,6,6.0,25.0,7.0,109,0,9,5200000,1,1,34.0,1,Orekhovo-Borisovo Yuzhnoye
1,0,17687.05387268861,5,6.0,20.0,5.0,110,0,9,5250000,1,1,35.0,1,Orekhovo-Borisovo Yuzhnoye
1,0,18026.687178258893,15,9.0,19.1,10.0,111,0,16,5300000,1,1,35.4,1,Orekhovo-Borisovo Yuzhnoye
1,0,17321.14173009219,8,1.0,34.0,7.0,112,0,17,10300000,2,1,60.0,1,Orekhovo-Borisovo Yuzhnoye
1,0,18349.00938390612,4,0.0,36.0,15.0,113,0,9,9250000,3,1,58.1,1,Orekhovo-Borisovo Yuzhnoye
1,0,18222.886658181073,12,7.0,45.0,10.0,114,0,12,8561174,3,1,66.0,1,Orekhovo-Borisovo Yuzhnoye
1,1,17551.52212137819,12,9.0,16.5,7.0,115,0,24,5300000,1,1,36.0,1,Orekhovo-Borisovo Yuzhnoye
1,0,17629.620965458253,7,6.0,21.1,5.0,116,0,9,5300000,1,1,36.0,1,Orekhovo-Borisovo Yuzhnoye
1,0,17583.0536953293,7,7.0,21.0,10.0,117,0,9,5300000,1,1,34.0,1,Orekhovo-Borisovo Yuzhnoye
1,0,18462.81234997508,7,6.0,21.0,15.0,118,0,9,5300000,1,1,35.5,1,Orekhovo-Borisovo Yuzhnoye
1,0,18494.847834672375,5,5.0,20.5,7.0,119,0,9,5300000,1,1,35.0,0,Orekhovo-Borisovo Yuzhnoye
1,0,18395.319538245232,9,8.0,19.0,12.0,120,0,17,5300000,1,1,40.0,1,Orekhovo-Borisovo Yuzhnoye
1,0,17583.0536953293,8,7.0,20.0,7.0,121,0,9,5350000,1,0,34.0,1,Orekhovo-Borisovo Yuzhnoye
1,0,18016.28543306593,4,6.0,20.0,13.0,122,0,9,5350000,1,1,35.0,1,Orekhovo-Borisovo Yuzhnoye
1,0,17059.02311515387,1,6.0,20.8,7.0,123,0,9,5400000,1,1,39.0,1,Orekhovo-Borisovo Yuzhnoye
1,0,17152.697217756853,5,7.0,16.8,2.0,124,0,12,5400000,1,1,32.0,1,Orekhovo-Borisovo Yuzhnoye
1,0,17059.02311515387,1,6.0,21.0,10.0,125,0,9,5450000,1,1,35.0,1,Orekhovo-Borisovo Yuzhnoye
1,0,17902.32429459243,7,6.0,21.0,17.0,126,0,9,5490000,1,1,35.0,1,Orekhovo-Borisovo Yuzhnoye
0,0,17478.285797412816,3,6.0,18.8,7.0,127,0,9,5490000,1,1,32.6,1,Orekhovo-Borisovo Yuzhnoye
1,0,18413.551428360675,9,7.0,20.0,10.0,128,0,9,5500000,1,1,36.0,1,Orekhovo-Borisovo Yuzhnoye
1,0,17494.837242723406,5,6.0,20.4,13.0,129,0,9,5500000,1,1,34.0,1,Orekhovo-Borisovo Yuzhnoye
1,0,18618.716637523008,5,1.0,18.0,15.0,130,0,24,5500000,1,1,38.0,1,Orekhovo-Borisovo Yuzhnoye
1,0,17757.026434332794,6,7.0,18.0,6.0,131,0,12,5500000,1,1,35.0,1,Orekhovo-Borisovo Yuzhnoye
0,0,18042.821050449988,1,9.0,19.0,5.0,132,0,17,5500000,1,1,39.0,1,Orekhovo-Borisovo Yuzhnoye
0,0,17084.694504593084,9,6.0,18.7,1.0,133,0,10,5590000,1,1,32.5,1,Orekhovo-Borisovo Yuzhnoye
1,0,17565.574719305358,7,6.0,20.0,5.0,134,0,9,5600000,1,1,33.7,1,Orekhovo-Borisovo Yuzhnoye
1,0,18655.223491685865,4,8.0,20.0,15.0,135,0,17,5600000,1,1,38.0,1,Orekhovo-Borisovo Yuzhnoye
1,0,17791.50320726851,1,6.0,20.0,10.0,136,0,9,5650000,1,1,35.0,1,Orekhovo-Borisovo Yuzhnoye
0,0,17153.196853481826,7,6.0,18.8,4.0,137,0,9,5650000,1,1,33.0,1,Orekhovo-Borisovo Yuzhnoye
1,0,18655.223491685865,4,8.0,19.0,14.0,138,0,17,5650000,1,1,38.0,1,Orekhovo-Borisovo Yuzhnoye
0,1,18324.89228448692,13,1.0,16.0,7.0,139,1,19,5664570,1,1,38.3,1,Orekhovo-Borisovo Yuzhnoye
1,1,18771.56085808203,24,9.0,18.0,20.0,140,0,25,5999000,1,1,39.0,1,Orekhovo-Borisovo Yuzhnoye
1,1,18324.89228448692,2,1.0,35.0,7.0,141,1,12,6555600,2,1,60.7,1,Orekhovo-Borisovo Yuzhnoye
1,0,18349.00938390612,4,2.0,29.0,15.0,142,0,9,9250000,2,1,58.1,1,Orekhovo-Borisovo Yuzhnoye
1,0,18203.523578481185,16,8.0,19.3,10.0,143,0,17,5690000,1,0,39.1,1,Orekhovo-Borisovo Yuzhnoye
1,0,18314.731198294932,12,8.0,19.2,11.0,145,0,17,5700000,1,1,38.0,1,Orekhovo-Borisovo Yuzhnoye
0,1,17084.694504593084,9,5.0,22.0,2.0,146,0,10,5700000,1,1,33.0,1,Orekhovo-Borisovo Yuzhnoye
1,0,18203.523578481185,15,8.0,19.1,15.0,147,0,17,5790000,1,0,38.0,1,Orekhovo-Borisovo Yuzhnoye
1,0,18470.619604984688,1,6.0,29.0,15.0,148,0,9,5799000,2,1,46.0,1,Orekhovo-Borisovo Yuzhnoye
1,0,17321.14173009219,15,8.0,19.2,3.0,149,0,17,5800000,1,1,38.2,1,Orekhovo-Borisovo Yuzhnoye
1,0,18203.523578481185,15,8.0,19.1,7.0,150,0,17,5800000,1,1,38.2,1,Orekhovo-Borisovo Yuzhnoye
1,0,18314.731198294932,2,8.0,19.0,11.0,151,0,17,5800000,1,0,38.0,1,Orekhovo-Borisovo Yuzhnoye
1,0,18655.223491685865,3,8.0,19.2,18.0,152,0,17,5800000,1,1,38.3,1,Orekhovo-Borisovo Yuzhnoye
1,0,18395.319538245232,9,7.0,19.5,10.0,153,0,16,5800000,1,1,37.5,1,Orekhovo-Borisovo Yuzhnoye
1,1,18324.89228448692,9,1.0,18.0,7.0,154,1,10,5836380,1,1,40.7,1,Orekhovo-Borisovo Yuzhnoye
1,0,18042.821050449988,10,8.0,19.1,10.0,155,0,17,5900000,1,1,39.0,1,Orekhovo-Borisovo Yuzhnoye
0,0,18200.558969887737,8,8.0,19.0,10.0,156,0,12,5999000,1,1,36.0,1,Orekhovo-Borisovo Yuzhnoye
1,0,17059.02311515387,1,7.0,25.0,5.0,157,0,9,6000000,1,1,35.0,1,Orekhovo-Borisovo Yuzhnoye
1,0,17709.061518939085,7,9.0,21.0,3.0,158,0,12,6000000,1,0,38.0,1,Orekhovo-Borisovo Yuzhnoye
1,0,18026.687178258893,8,1.0,18.0,15.0,159,0,16,6000000,1,1,39.0,1,Orekhovo-Borisovo Yuzhnoye
0,0,18361.331118902075,2,1.0,19.0,15.0,160,0,12,6000000,1,1,35.0,1,Orekhovo-Borisovo Yuzhnoye
1,0,18655.223491685865,9,7.0,19.0,18.0,161,0,17,6000000,1,1,39.0,1,Orekhovo-Borisovo Yuzhnoye
1,1,18324.89228448692,16,1.0,20.0,7.0,162,1,16,6039060,1,1,40.1,1,Orekhovo-Borisovo Yuzhnoye
1,1,18324.89228448692,9,1.0,18.0,7.0,163,1,10,6054840,1,1,41.7,1,Orekhovo-Borisovo Yuzhnoye
1,0,17321.14173009219,15,8.0,18.2,3.0,164,0,17,6090000,1,1,38.2,1,Orekhovo-Borisovo Yuzhnoye
1,0,17977.58406572492,4,6.0,28.1,5.0,165,0,12,6150000,2,0,46.2,1,Orekhovo-Borisovo Yuzhnoye
1,0,17757.026434332794,6,7.0,19.0,8.0,166,0,12,6150000,1,0,35.0,1,Orekhovo-Borisovo Yuzhnoye
1,0,17575.43676350326,4,9.0,21.0,12.0,167,0,12,6200000,1,1,40.0,1,Orekhovo-Borisovo Yuzhnoye
1,1,18324.89228448692,3,0.0,18.0,7.0,168,1,10,3575000,1,1,28.6,1,Orekhovo-Borisovo Yuzhnoye
1,0,17321.14173009219,8,1.0,34.0,7.0,169,0,17,10300000,2,1,60.0,1,Orekhovo-Borisovo Yuzhnoye
1,0,18349.00938390612,4,0.0,36.0,15.0,170,0,9,9250000,3,1,58.1,1,Orekhovo-Borisovo Yuzhnoye
0,0,17829.269443851517,5,6.0,27.9,10.0,171,0,9,6290000,2,1,44.5,1,Orekhovo-Borisovo Yuzhnoye
0,0,17578.29568113977,2,6.0,32.0,14.0,172,0,9,6300000,2,1,48.0,1,Orekhovo-Borisovo Yuzhnoye
1,0,18042.821050449988,4,9.0,19.0,9.0,173,0,17,6300000,1,1,38.0,1,Orekhovo-Borisovo Yuzhnoye
0,1,18324.89228448692,18,1.0,16.0,7.0,174,1,19,6336800,1,1,35.6,1,Orekhovo-Borisovo Yuzhnoye
0,1,18324.89228448692,14,1.0,16.0,7.0,175,1,19,6494000,1,1,38.2,1,Orekhovo-Borisovo Yuzhnoye
1,0,17478.285797412816,1,6.0,34.0,10.0,176,0,9,6500000,3,1,51.3,1,Orekhovo-Borisovo Yuzhnoye
1,0,17934.2832045727,9,6.0,29.1,10.0,177,0,9,6500000,2,1,45.2,1,Orekhovo-Borisovo Yuzhnoye
1,0,17833.200175504204,2,6.0,27.2,10.0,178,0,9,6500000,2,0,42.7,1,Orekhovo-Borisovo Yuzhnoye
0,0,17194.757493519835,7,1.0,20.0,9.0,179,0,9,6500000,1,1,43.0,1,Orekhovo-Borisovo Yuzhnoye
1,0,17548.787178061266,7,8.0,20.8,15.0,180,0,12,6500000,1,0,42.3,1,Orekhovo-Borisovo Yuzhnoye
0,0,18096.716101500628,8,1.0,31.0,5.0,181,0,12,6500000,2,0,52.0,1,Orekhovo-Borisovo Yuzhnoye
1,0,17637.24263170631,2,9.0,19.1,13.0,182,0,16,6500000,1,1,35.2,1,Orekhovo-Borisovo Yuzhnoye
1,0,17583.0536953293,3,7.0,30.0,12.0,183,0,9,6500000,2,1,43.5,1,Orekhovo-Borisovo Yuzhnoye
0,0,18058.763117711245,9,1.0,30.7,10.0,184,0,12,6600000,2,1,51.3,1,Orekhovo-Borisovo Yuzhnoye
0,0,18069.43400723667,5,1.0,31.0,18.0,185,0,12,6600000,2,1,52.0,1,Orekhovo-Borisovo Yuzhnoye
1,0,17191.559959917886,15,1.0,19.9,9.0,186,0,22,6600000,1,1,38.8,1,Orekhovo-Borisovo Yuzhnoye
1,1,18324.89228448692,4,1.0,26.0,10.0,187,1,12,6650000,2,1,60.1,1,Orekhovo-Borisovo Yuzhnoye
0,0,17120.658502215825,2,7.0,29.4,10.0,188,0,9,6700000,2,1,45.0,1,Orekhovo-Borisovo Yuzhnoye
1,0,17100.21149054834,16,8.0,19.1,7.0,189,0,17,6700000,1,1,40.0,1,Orekhovo-Borisovo Yuzhnoye
1,0,18373.577847139088,2,1.0,30.6,10.0,190,0,17,6750000,2,1,51.8,1,Orekhovo-Borisovo Yuzhnoye
1,0,17813.188305357424,9,7.0,19.8,10.0,191,0,16,6750000,1,1,36.6,1,Orekhovo-Borisovo Yuzhnoye
1,0,17849.894169214964,2,6.0,44.0,5.0,192,0,9,6800000,3,1,60.0,0,Orekhovo-Borisovo Yuzhnoye
0,0,18069.43400723667,12,1.0,31.2,15.0,193,0,12,6850000,2,1,52.0,1,Orekhovo-Borisovo Yuzhnoye
1,0,17709.061518939085,3,8.0,21.0,5.0,194,0,16,6900000,1,1,42.0,1,Orekhovo-Borisovo Yuzhnoye
0,0,18069.43400723667,9,1.0,30.0,15.0,195,0,12,6900000,2,1,52.0,1,Orekhovo-Borisovo Yuzhnoye
1,1,18324.89228448692,2,1.0,35.0,7.0,196,1,12,6555600,2,1,60.7,1,Orekhovo-Borisovo Yuzhnoye
0,0,17583.0536953293,7,6.0,21.0,10.0,197,0,9,5300000,1,1,35.0,1,Orekhovo-Borisovo Yuzhnoye
1,1,18324.89228448692,3,0.0,18.0,7.0,198,1,10,3575000,1,1,28.6,1,Orekhovo-Borisovo Yuzhnoye
1,0,18655.223491685865,5,1.0,34.2,18.0,199,0,17,6900000,2,1,58.7,1,Orekhovo-Borisovo Yuzhnoye
1,0,17813.188305357424,16,8.0,19.8,10.0,200,0,16,6950000,1,1,36.7,1,Orekhovo-Borisovo Yuzhnoye
0,0,17084.694504593084,4,6.0,28.0,2.0,201,0,9,6970000,2,1,44.0,1,Orekhovo-Borisovo Yuzhnoye
1,1,18324.89228448692,7,1.0,35.0,7.0,202,1,12,6980500,2,1,60.7,1,Orekhovo-Borisovo Yuzhnoye
1,1,17551.52212137819,8,9.0,16.3,7.0,203,0,22,6990000,1,1,36.4,1,Orekhovo-Borisovo Yuzhnoye
1,1,17551.52212137819,19,8.0,16.1,5.0,204,0,25,6999000,1,1,36.2,1,Orekhovo-Borisovo Yuzhnoye
1,0,17833.07314324902,1,7.0,28.0,10.0,205,0,9,7000000,2,1,45.0,1,Orekhovo-Borisovo Yuzhnoye
1,0,18462.81234997508,4,8.0,38.4,15.0,206,0,9,7000000,3,0,60.0,1,Orekhovo-Borisovo Yuzhnoye
1,0,18655.223491685865,10,9.0,31.0,7.0,207,0,17,7000000,2,1,52.0,1,Orekhovo-Borisovo Yuzhnoye
0,0,17084.694504593084,9,6.0,28.0,3.0,208,0,9,7000000,2,1,44.5,1,Orekhovo-Borisovo Yuzhnoye
1,0,18178.268927856912,1,9.0,30.0,14.0,209,0,9,7000000,2,1,50.0,1,Orekhovo-Borisovo Yuzhnoye
1,0,18440.387542955898,7,7.0,30.0,12.0,210,0,12,7000000,2,1,45.0,1,Orekhovo-Borisovo Yuzhnoye
1,0,18440.387542955898,3,6.0,28.4,12.0,211,0,12,7000000,2,0,44.4,1,Orekhovo-Borisovo Yuzhnoye
1,0,17833.200175504204,1,6.0,28.0,10.0,212,0,9,7000000,2,1,45.0,1,Orekhovo-Borisovo Yuzhnoye
0,0,18177.867620751265,1,1.0,34.0,16.0,213,0,17,7050000,2,1,58.0,1,Orekhovo-Borisovo Yuzhnoye
1,0,17934.2832045727,8,8.0,28.0,10.0,214,0,9,7100000,2,1,44.0,1,Orekhovo-Borisovo Yuzhnoye
1,0,18289.584523040066,9,6.0,31.0,14.0,215,0,9,7100000,2,1,46.0,1,Orekhovo-Borisovo Yuzhnoye
1,0,18577.25743879618,13,9.0,31.0,18.0,216,0,14,7100000,2,1,52.0,1,Orekhovo-Borisovo Yuzhnoye
1,0,18085.83074781832,17,8.0,31.0,12.0,217,0,17,7150000,2,0,51.2,1,Orekhovo-Borisovo Yuzhnoye
1,0,17583.0536953293,1,6.0,30.0,15.0,218,0,9,7150000,2,0,45.0,1,Orekhovo-Borisovo Yuzhnoye
1,1,18324.89228448692,7,1.0,35.0,7.0,219,1,12,7151900,2,1,60.1,1,Orekhovo-Borisovo Yuzhnoye
0,0,17153.196853481826,4,6.0,28.0,2.0,220,0,9,7200000,2,1,44.2,1,Orekhovo-Borisovo Yuzhnoye
0,0,17849.894169214964,8,6.0,28.0,15.0,221,0,9,7200000,2,0,45.0,1,Orekhovo-Borisovo Yuzhnoye
1,0,17292.99369725434,3,6.0,26.0,10.0,222,0,9,7200000,2,0,52.0,1,Orekhovo-Borisovo Yuzhnoye
1,0,17292.99369725434,3,6.0,34.0,10.0,223,0,9,7200000,3,0,51.5,1,Orekhovo-Borisovo Yuzhnoye
1,1,18771.56085808203,24,9.0,18.0,20.0,224,0,25,5999000,1,1,39.0,1,Orekhovo-Borisovo Yuzhnoye
1,1,18324.89228448692,2,1.0,35.0,7.0,225,1,12,6555600,2,1,60.7,1,Orekhovo-Borisovo Yuzhnoye
1,0,17321.14173009219,8,1.0,34.0,7.0,226,0,17,10300000,2,1,60.0,1,Orekhovo-Borisovo Yuzhnoye
1,0,17897.24545928045,2,6.0,28.3,8.0,227,0,9,7200000,2,1,44.1,1,Orekhovo-Borisovo Yuzhnoye
0,0,17849.894169214964,8,6.0,28.0,7.0,228,0,9,7200000,2,0,44.0,0,Orekhovo-Borisovo Yuzhnoye
1,0,18477.569280892778,14,9.0,32.0,20.0,229,0,16,7200000,2,1,53.0,1,Orekhovo-Borisovo Yuzhnoye
1,0,18655.223491685865,3,1.0,31.0,7.0,230,0,17,7200000,2,1,52.0,1,Orekhovo-Borisovo Yuzhnoye
1,0,17699.406000084527,1,1.0,28.0,10.0,231,0,16,7200000,2,0,52.0,1,Orekhovo-Borisovo Yuzhnoye
1,0,18222.886658181073,2,6.0,30.0,15.0,232,0,12,7200000,2,1,46.0,1,Orekhovo-Borisovo Yuzhnoye
1,0,17833.200175504204,2,6.0,28.0,10.0,233,0,9,7200000,2,1,45.0,1,Orekhovo-Borisovo Yuzhnoye
1,0,18655.223491685865,5,1.0,34.2,17.0,234,0,17,7298000,2,1,60.4,1,Orekhovo-Borisovo Yuzhnoye
1,0,18129.123611752366,4,9.0,32.0,5.0,235,0,17,7300000,2,1,54.1,1,Orekhovo-Borisovo Yuzhnoye
1,0,17637.24263170631,16,8.0,31.0,10.0,236,0,16,7300000,2,1,53.0,1,Orekhovo-Borisovo Yuzhnoye
1,0,17637.24263170631,16,9.0,30.0,10.0,237,0,16,7300000,2,0,52.0,1,Orekhovo-Borisovo Yuzhnoye
1,0,18441.36939417144,12,9.0,31.3,15.0,238,0,12,7300000,2,1,50.6,1,Orekhovo-Borisovo Yuzhnoye
1,0,18058.763117711245,5,9.0,32.0,10.0,239,0,12,7350000,2,1,50.0,1,Orekhovo-Borisovo Yuzhnoye
1,0,18232.13717319774,7,7.0,30.0,7.0,240,0,12,7450000,2,1,46.0,1,Orekhovo-Borisovo Yuzhnoye
1,1,18324.89228448692,3,1.0,45.0,7.0,241,1,10,7463500,2,1,64.9,1,Orekhovo-Borisovo Yuzhnoye
1,0,18035.603514654606,7,6.0,43.0,15.0,242,0,9,7490000,3,1,59.0,1,Orekhovo-Borisovo Yuzhnoye
1,0,18262.418243985165,2,9.0,36.0,10.0,243,0,17,7499000,2,1,54.0,1,Orekhovo-Borisovo Yuzhnoye
1,0,17929.745508968696,6,6.0,45.1,10.0,244,0,12,7500000,3,0,64.5,1,Orekhovo-Borisovo Yuzhnoye
1,0,18190.563977623886,6,6.0,30.0,18.0,245,0,9,7500000,2,1,45.0,1,Orekhovo-Borisovo Yuzhnoye
1,0,17892.507420097594,5,6.0,28.0,10.0,246,0,12,7500000,2,1,45.0,1,Orekhovo-Borisovo Yuzhnoye
1,0,18198.11928561635,16,1.0,28.2,11.0,247,0,16,7500000,2,1,50.2,1,Orekhovo-Borisovo Yuzhnoye
0,0,17849.894169214964,7,6.0,27.0,15.0,248,0,9,7500000,2,0,44.0,1,Orekhovo-Borisovo Yuzhnoye
1,0,17152.697217756853,11,6.0,28.0,1.0,249,0,12,7500000,2,0,45.0,1,Orekhovo-Borisovo Yuzhnoye
1,0,18026.687178258893,13,1.0,30.0,10.0,250,0,16,7500000,2,1,57.0,1,Orekhovo-Borisovo Yuzhnoye
1,0,18566.249757762755,7,8.0,30.4,12.0,251,0,14,7500000,2,1,52.0,1,Orekhovo-Borisovo Yuzhnoye
1,0,18349.00938390612,4,0.0,36.0,15.0,252,0,9,9250000,3,1,58.1,1,Orekhovo-Borisovo Yuzhnoye
1,0,17321.14173009219,8,1.0,34.0,7.0,253,0,17,10300000,2,1,60.0,1,Orekhovo-Borisovo Yuzhnoye
0,0,17583.0536953293,7,6.0,21.0,10.0,254,0,9,5300000,1,1,35.0,1,Orekhovo-Borisovo Yuzhnoye
1,0,18035.603514654606,6,6.0,38.0,12.0,255,0,9,7500000,3,1,50.6,1,Orekhovo-Borisovo Yuzhnoye
1,0,17643.28789825747,1,7.0,31.0,9.0,256,0,9,7550000,2,1,46.0,1,Orekhovo-Borisovo Yuzhnoye
1,0,17929.745508968696,6,6.0,45.1,10.0,257,0,12,7600000,3,1,63.2,1,Orekhovo-Borisovo Yuzhnoye
1,0,18395.319538245232,10,8.0,31.0,10.0,258,0,17,7600000,2,1,52.0,1,Orekhovo-Borisovo Yuzhnoye
1,0,18440.387542955898,2,7.0,46.0,15.0,259,0,12,7600000,3,1,65.0,1,Orekhovo-Borisovo Yuzhnoye
1,0,17637.24263170631,16,9.0,36.0,10.0,260,0,16,7600000,2,1,53.0,1,Orekhovo-Borisovo Yuzhnoye
1,0,17687.83524176583,5,6.0,28.0,8.0,261,0,12,7600000,2,1,45.0,1,Orekhovo-Borisovo Yuzhnoye
1,0,18010.133711546117,6,7.0,29.0,10.0,262,0,12,7600000,2,1,45.7,1,Orekhovo-Borisovo Yuzhnoye
1,0,17959.42948289394,3,1.0,30.0,7.0,263,0,16,7650000,2,1,54.0,1,Orekhovo-Borisovo Yuzhnoye
1,0,17810.398773475423,4,8.0,38.0,7.0,264,0,9,7700000,3,1,60.0,1,Orekhovo-Borisovo Yuzhnoye
1,0,18349.00938390612,8,6.0,42.0,15.0,265,0,9,7700000,3,0,61.0,1,Orekhovo-Borisovo Yuzhnoye
1,0,18339.34580864216,6,9.0,39.0,18.0,266,0,9,7700000,3,1,63.0,1,Orekhovo-Borisovo Yuzhnoye
1,0,17914.831545513927,10,6.0,41.0,10.0,267,0,12,7700000,3,0,65.0,0,Orekhovo-Borisovo Yuzhnoye
0,0,17643.28789825747,1,7.0,31.0,11.0,268,0,9,7700000,2,1,46.0,1,Orekhovo-Borisovo Yuzhnoye
1,0,18462.81234997508,2,8.0,38.4,19.0,269,0,9,7700000,3,1,61.9,1,Orekhovo-Borisovo Yuzhnoye
1,0,18395.319538245232,5,8.0,31.0,11.0,270,0,17,7750000,2,1,52.0,1,Orekhovo-Borisovo Yuzhnoye
0,0,18096.716101500628,7,0.0,37.0,12.0,271,0,12,7750000,3,1,60.5,1,Orekhovo-Borisovo Yuzhnoye
1,1,18324.89228448692,6,1.0,45.0,7.0,272,1,12,7770550,2,1,66.7,1,Orekhovo-Borisovo Yuzhnoye
1,0,17745.286163973124,3,8.0,39.0,10.0,273,0,9,7780000,3,1,60.0,1,Orekhovo-Borisovo Yuzhnoye
0,0,18096.716101500628,9,6.0,43.0,10.0,274,0,12,7800000,3,1,61.0,1,Orekhovo-Borisovo Yuzhnoye
1,0,17757.026434332794,7,7.0,27.0,8.0,275,0,12,7800000,2,1,44.0,1,Orekhovo-Borisovo Yuzhnoye
1,0,17494.837242723406,5,8.0,39.0,14.0,276,0,9,7800000,3,1,61.1,1,Orekhovo-Borisovo Yuzhnoye
1,0,18030.685639132047,6,6.0,45.0,10.0,277,0,9,7800000,3,1,62.0,1,Orekhovo-Borisovo Yuzhnoye
1,0,18314.731198294932,7,9.0,31.0,13.0,278,0,17,7900000,2,1,54.0,1,Orekhovo-Borisovo Yuzhnoye
1,0,17615.55355192256,7,9.0,30.0,9.0,279,0,12,7900000,2,1,53.0,1,Orekhovo-Borisovo Yuzhnoye
1,0,17321.14173009219,8,1.0,34.0,7.0,280,0,17,10300000,2,1,60.0,1,Orekhovo-Borisovo Yuzhnoye
0,0,17583.0536953293,7,6.0,21.0,10.0,281,0,9,5300000,1,1,35.0,1,Orekhovo-Borisovo Yuzhnoye
1,0,18349.00938390612,4,0.0,36.0,15.0,282,0,9,9250000,3,1,58.1,1,Orekhovo-Borisovo Yuzhnoye
1,0,18223.131984780128,11,8.0,31.0,15.0,283,0,17,7900000,2,1,51.0,1,Orekhovo-Borisovo Yuzhnoye
1,0,17615.55355192256,7,9.0,30.0,5.0,284,0,12,7900000,2,0,53.0,1,Orekhovo-Borisovo Yuzhnoye
0,0,17194.757493519835,9,6.0,24.0,10.0,285,0,9,7900000,2,0,41.0,1,Orekhovo-Borisovo Yuzhnoye
1,0,18003.555102194994,6,8.0,39.0,15.0,286,0,9,7900000,3,1,62.0,1,Orekhovo-Borisovo Yuzhnoye
1,0,17565.574719305358,3,9.0,38.0,5.0,287,0,9,8000000,3,1,62.0,1,Orekhovo-Borisovo Yuzhnoye
1,0,18042.821050449988,3,8.0,30.5,5.0,288,0,17,8000000,2,0,50.5,1,Orekhovo-Borisovo Yuzhnoye
1,0,18395.319538245232,11,8.0,30.0,13.0,289,0,17,8000000,2,0,52.0,1,Orekhovo-Borisovo Yuzhnoye
1,0,18222.886658181073,7,9.0,32.0,15.0,290,0,12,8000000,2,1,44.7,1,Orekhovo-Borisovo Yuzhnoye
1,0,18441.36939417144,8,9.0,32.0,17.0,291,0,12,8000000,2,1,50.0,1,Orekhovo-Borisovo Yuzhnoye
1,0,17958.505856971024,7,7.0,41.0,14.0,292,0,12,8000000,3,1,64.0,1,Orekhovo-Borisovo Yuzhnoye
1,0,17376.42106983749,8,6.0,29.0,5.0,293,0,12,8000000,2,1,45.0,1,Orekhovo-Borisovo Yuzhnoye
1,0,17637.24263170631,15,8.0,32.0,7.0,294,0,16,8000000,2,1,53.1,1,Orekhovo-Borisovo Yuzhnoye
1,1,18324.89228448692,2,1.0,38.0,7.0,295,1,10,8075760,2,1,64.4,1,Orekhovo-Borisovo Yuzhnoye
1,1,18324.89228448692,4,1.0,36.0,7.0,296,1,15,8095920,2,1,63.2,1,Orekhovo-Borisovo Yuzhnoye
1,0,17478.285797412816,1,7.0,44.0,5.0,297,0,12,8100000,3,0,68.0,1,Orekhovo-Borisovo Yuzhnoye
1,0,17795.455740387966,6,8.0,40.0,12.0,298,0,9,8100000,3,1,60.2,1,Orekhovo-Borisovo Yuzhnoye
1,0,18262.418243985165,8,8.0,32.0,10.0,299,0,17,8100000,2,1,54.0,1,Orekhovo-Borisovo Yuzhnoye
1,0,18081.93658615719,8,1.0,44.0,15.0,300,0,12,8200000,3,1,65.0,1,Orekhovo-Borisovo Yuzhnoye
1,0,18058.763117711245,11,1.0,43.6,15.0,301,0,12,8200000,3,1,66.0,1,Orekhovo-Borisovo Yuzhnoye
1,0,18277.589991703244,11,8.0,31.0,7.0,302,0,17,8200000,2,1,54.0,1,Orekhovo-Borisovo Yuzhnoye
1,0,18314.731198294932,17,1.0,32.2,12.0,303,0,17,8200000,2,1,58.7,1,Orekhovo-Borisovo Yuzhnoye
1,0,17469.530554864228,8,8.0,40.0,12.0,304,0,9,8200000,3,1,61.0,1,Orekhovo-Borisovo Yuzhnoye
0,0,18081.93658615719,10,6.0,40.9,15.0,305,0,12,8200000,3,1,60.3,1,Orekhovo-Borisovo Yuzhnoye
0,0,17977.58406572492,4,6.0,28.1,7.0,306,0,12,8250000,2,1,45.5,1,Orekhovo-Borisovo Yuzhnoye
1,0,18027.721780989392,12,7.0,30.0,10.0,307,0,12,8250000,2,1,46.0,1,Orekhovo-Borisovo Yuzhnoye
1,0,18349.00938390612,4,0.0,36.0,15.0,308,0,9,9250000,3,1,58.1,1,Orekhovo-Borisovo Yuzhnoye
1,0,18222.886658181073,12,7.0,45.0,10.0,309,0,12,8804254,3,1,66.0,1,Orekhovo-Borisovo Yuzhnoye
1,1,18324.89228448692,2,1.0,35.0,7.0,310,1,12,6555600,2,1,60.7,1,Orekhovo-Borisovo Yuzhnoye
1,0,18042.821050449988,4,8.0,31.0,10.0,311,0,17,8300000,2,1,52.0,1,Orekhovo-Borisovo Yuzhnoye
1,0,17661.147815957534,6,8.0,30.4,10.0,312,0,12,8300000,2,0,52.4,1,Orekhovo-Borisovo Yuzhnoye
1,0,17833.07314324902,1,6.0,43.0,11.0,313,0,9,8300000,3,1,61.0,1,Orekhovo-Borisovo Yuzhnoye
1,0,18035.603514654606,7,6.0,42.0,17.0,314,0,9,8300000,3,1,58.0,1,Orekhovo-Borisovo Yuzhnoye
1,0,18223.131984780128,13,1.0,35.0,10.0,315,0,17,8350000,2,0,52.0,1,Orekhovo-Borisovo Yuzhnoye
1,0,17883.16393773263,7,8.0,41.0,6.0,316,0,9,8350000,3,1,61.0,1,Orekhovo-Borisovo Yuzhnoye
0,1,18843.7439387692,6,2.0,30.0,18.0,317,0,24,8400000,2,0,59.0,0,Orekhovo-Borisovo Yuzhnoye
1,0,17883.16393773263,7,8.0,40.0,10.0,318,0,9,8400000,3,1,61.0,1,Orekhovo-Borisovo Yuzhnoye
1,0,17929.745508968696,12,6.0,45.3,15.0,319,0,12,8500000,3,1,63.2,1,Orekhovo-Borisovo Yuzhnoye
0,0,17313.288963320083,2,9.0,32.0,3.0,320,0,17,8500000,2,0,56.0,1,Orekhovo-Borisovo Yuzhnoye
1,0,18030.685639132047,2,6.0,34.0,5.0,321,0,9,8500000,3,1,50.0,1,Orekhovo-Borisovo Yuzhnoye
1,0,17494.837242723406,5,8.0,40.0,7.0,322,0,9,8500000,3,1,60.0,1,Orekhovo-Borisovo Yuzhnoye
1,0,17983.575323326502,8,9.0,32.0,8.0,323,0,17,8500000,2,1,54.0,1,Orekhovo-Borisovo Yuzhnoye
1,0,17883.16393773263,7,8.0,38.0,7.0,325,0,9,8500000,3,1,60.7,1,Orekhovo-Borisovo Yuzhnoye
0,0,17525.822394936313,8,9.0,39.0,10.0,326,0,9,8500000,3,1,60.4,1,Orekhovo-Borisovo Yuzhnoye
1,0,17548.787178061266,11,8.0,30.5,5.0,327,0,12,8500000,2,1,54.0,1,Orekhovo-Borisovo Yuzhnoye
1,0,18289.584523040066,9,8.0,39.2,12.0,328,0,9,8550000,3,0,60.7,1,Orekhovo-Borisovo Yuzhnoye
1,0,17987.949368967467,3,6.0,44.0,6.0,329,0,12,8600000,3,1,61.5,1,Orekhovo-Borisovo Yuzhnoye
1,0,18494.847834672375,5,8.0,42.0,15.0,330,0,9,8700000,3,1,62.0,1,Orekhovo-Borisovo Yuzhnoye
1,0,17833.07314324902,5,6.0,38.0,10.0,331,0,9,8750000,3,1,60.0,1,Orekhovo-Borisovo Yuzhnoye
1,0,18655.223491685865,11,1.0,45.2,15.0,332,0,17,8800000,3,1,75.0,1,Orekhovo-Borisovo Yuzhnoye
1,0,18232.13717319774,9,7.0,30.6,12.0,333,0,12,8800000,2,1,48.0,1,Orekhovo-Borisovo Yuzhnoye
1,1,18324.89228448692,12,1.0,45.0,7.0,334,1,12,8810700,2,1,68.3,1,Orekhovo-Borisovo Yuzhnoye
1,1,18324.89228448692,13,1.0,36.0,7.0,335,1,13,8832300,2,1,59.0,1,Orekhovo-Borisovo Yuzhnoye
1,1,18771.56085808203,24,9.0,18.0,20.0,336,0,25,5999000,1,1,39.0,1,Orekhovo-Borisovo Yuzhnoye
1,1,18324.89228448692,2,1.0,35.0,7.0,337,1,12,6555600,2,1,60.7,1,Orekhovo-Borisovo Yuzhnoye
1,0,18349.00938390612,4,2.0,29.0,15.0,338,0,9,9250000,2,1,58.1,1,Orekhovo-Borisovo Yuzhnoye
1,1,18324.89228448692,12,1.0,36.0,7.0,339,1,14,8864100,2,1,63.0,1,Orekhovo-Borisovo Yuzhnoye
1,0,17654.628179336207,14,9.0,32.0,5.0,340,0,17,8900000,2,1,55.0,1,Orekhovo-Borisovo Yuzhnoye
1,0,17309.25831025305,5,7.0,43.0,10.0,341,0,12,8900000,3,1,68.0,1,Orekhovo-Borisovo Yuzhnoye
1,0,17583.84025954985,10,9.0,31.0,10.0,343,0,12,8900000,2,1,52.4,1,Orekhovo-Borisovo Yuzhnoye
1,1,18843.7439387692,20,9.0,30.2,15.0,344,0,24,8900000,2,1,57.8,1,Orekhovo-Borisovo Yuzhnoye
1,0,18174.80183142584,9,8.0,30.0,10.0,345,0,9,8900000,3,1,60.0,1,Orekhovo-Borisovo Yuzhnoye
1,0,18023.429048027156,11,1.0,34.0,10.0,346,0,14,9000000,2,1,62.0,1,Orekhovo-Borisovo Yuzhnoye
1,0,18415.207467433855,14,9.0,44.0,15.0,347,0,16,9000000,3,1,65.0,1,Orekhovo-Borisovo Yuzhnoye
1,0,18349.00938390612,5,6.0,43.0,20.0,348,0,9,9000000,3,1,60.0,1,Orekhovo-Borisovo Yuzhnoye
0,0,18314.731198294932,1,1.0,42.0,10.0,349,0,17,9050000,3,1,74.0,1,Orekhovo-Borisovo Yuzhnoye
1,1,18324.89228448692,4,1.0,38.0,7.0,350,1,19,9134100,2,1,59.7,1,Orekhovo-Borisovo Yuzhnoye
0,0,18373.577847139088,1,1.0,50.9,10.0,351,0,17,9150000,3,1,74.0,1,Orekhovo-Borisovo Yuzhnoye
0,0,17059.02311515387,2,8.0,39.0,6.0,352,0,9,9180000,3,0,63.0,1,Orekhovo-Borisovo Yuzhnoye
1,1,18324.89228448692,11,1.0,38.0,7.0,353,1,14,9191940,2,1,64.1,1,Orekhovo-Borisovo Yuzhnoye
1,1,18324.89228448692,13,1.0,36.0,7.0,354,1,14,9191910,2,1,63.7,1,Orekhovo-Borisovo Yuzhnoye
1,0,18069.43400723667,5,1.0,44.0,12.0,355,0,12,9200000,3,1,66.0,1,Orekhovo-Borisovo Yuzhnoye
1,0,17810.398773475423,9,9.0,43.0,12.0,356,0,9,9200000,3,1,62.0,1,Orekhovo-Borisovo Yuzhnoye
1,0,17499.99831670468,13,9.0,32.0,10.0,357,0,16,9200000,2,1,53.2,1,Orekhovo-Borisovo Yuzhnoye
1,0,17120.658502215825,9,6.0,35.0,10.0,358,0,9,9300000,3,1,54.0,1,Orekhovo-Borisovo Yuzhnoye
1,0,18069.43400723667,5,1.0,43.7,15.0,359,0,12,9300000,3,0,66.4,1,Orekhovo-Borisovo Yuzhnoye
1,1,17471.09999110767,7,1.0,31.0,10.0,360,0,17,9300000,2,1,52.0,1,Orekhovo-Borisovo Yuzhnoye
1,0,18042.821050449988,3,1.0,45.0,7.0,361,0,17,9300000,3,1,75.0,1,Orekhovo-Borisovo Yuzhnoye
1,0,18042.821050449988,13,1.0,34.0,7.0,362,0,17,9500000,2,1,60.0,1,Orekhovo-Borisovo Yuzhnoye
1,0,17059.02311515387,8,8.0,39.0,5.0,363,0,9,9500000,3,1,60.3,1,Orekhovo-Borisovo Yuzhnoye
1,1,18771.56085808203,24,9.0,18.0,20.0,364,0,25,5999000,1,1,39.0,1,Orekhovo-Borisovo Yuzhnoye
1,1,18324.89228448692,3,0.0,18.0,7.0,365,1,10,3575000,1,1,28.6,1,Orekhovo-Borisovo Yuzhnoye
1,0,18222.886658181073,12,7.0,45.0,10.0,366,0,12,8804254,3,1,66.0,1,Orekhovo-Borisovo Yuzhnoye
1,0,17868.87774191659,1,9.0,40.0,12.0,367,0,17,9500000,3,0,67.0,1,Orekhovo-Borisovo Yuzhnoye
0,0,17709.061518939085,5,8.0,29.0,2.0,368,0,12,9550000,2,0,50.0,1,Orekhovo-Borisovo Yuzhnoye
1,0,17983.575323326502,17,1.0,46.0,5.0,369,0,17,9600000,3,1,77.8,1,Orekhovo-Borisovo Yuzhnoye
1,0,18042.821050449988,1,1.0,45.2,15.0,370,0,16,9600000,3,1,74.1,1,Orekhovo-Borisovo Yuzhnoye
1,0,18440.387542955898,7,6.0,60.0,10.0,371,0,12,9700000,4,1,84.5,1,Orekhovo-Borisovo Yuzhnoye
1,0,17120.658502215825,6,6.0,39.0,10.0,372,0,9,9700000,3,1,59.0,1,Orekhovo-Borisovo Yuzhnoye
1,1,18843.7439387692,11,1.0,34.3,15.0,373,0,24,9800000,2,1,59.0,1,Orekhovo-Borisovo Yuzhnoye
1,0,18349.00938390612,4,0.0,36.0,25.0,374,0,9,9850000,3,1,58.1,1,Orekhovo-Borisovo Yuzhnoye
1,0,17471.09999110767,10,9.0,31.0,12.0,375,0,17,9950000,2,0,53.0,1,Orekhovo-Borisovo Yuzhnoye
1,0,17983.575323326502,9,1.0,44.0,4.0,376,0,17,10000000,3,1,76.3,1,Orekhovo-Borisovo Yuzhnoye
1,0,17983.575323326502,9,1.0,45.0,7.0,377,0,17,10000000,3,1,76.3,1,Orekhovo-Borisovo Yuzhnoye
1,0,18023.429048027156,3,9.0,32.0,5.0,378,0,17,10000000,2,1,60.0,1,Orekhovo-Borisovo Yuzhnoye
1,0,17376.14251259428,3,1.0,34.0,10.0,379,0,17,10000000,2,1,60.0,1,Orekhovo-Borisovo Yuzhnoye
1,1,18203.523578481185,12,1.0,43.5,9.0,380,0,17,10000000,3,1,73.0,1,Orekhovo-Borisovo Yuzhnoye
1,0,17168.40517837257,21,9.0,35.0,5.0,381,0,22,10200000,2,1,61.0,1,Orekhovo-Borisovo Yuzhnoye
1,0,17444.01211967638,2,7.0,43.7,3.0,382,0,12,10200000,3,1,63.0,1,Orekhovo-Borisovo Yuzhnoye
1,0,17857.590639608952,16,1.0,46.0,4.0,383,0,17,10200000,3,1,76.0,1,Orekhovo-Borisovo Yuzhnoye
1,1,17471.09999110767,2,1.0,35.0,10.0,384,0,17,10300000,2,1,65.0,1,Orekhovo-Borisovo Yuzhnoye
1,1,17471.09999110767,2,1.0,33.2,14.0,385,0,17,10300000,2,1,65.0,1,Orekhovo-Borisovo Yuzhnoye
1,0,18655.223491685865,11,1.0,46.5,17.0,386,0,17,10400000,3,1,75.0,1,Orekhovo-Borisovo Yuzhnoye
0,0,18262.418243985165,16,1.0,44.4,7.0,387,0,17,10490000,3,1,77.8,0,Orekhovo-Borisovo Yuzhnoye
1,0,18262.418243985165,17,1.0,45.0,10.0,388,0,17,10499000,3,1,74.0,1,Orekhovo-Borisovo Yuzhnoye
1,0,18373.577847139088,14,1.0,44.9,12.0,389,0,17,10500000,3,1,74.2,1,Orekhovo-Borisovo Yuzhnoye
1,0,18027.721780989392,5,7.0,57.8,15.0,390,0,12,10500000,4,1,81.0,1,Orekhovo-Borisovo Yuzhnoye
1,0,18042.821050449988,1,1.0,45.2,5.0,391,0,17,10500000,3,0,70.0,1,Orekhovo-Borisovo Yuzhnoye
1,1,18324.89228448692,3,0.0,18.0,7.0,392,1,10,3575000,1,1,28.6,1,Orekhovo-Borisovo Yuzhnoye
1,1,18771.56085808203,24,9.0,18.0,20.0,393,0,25,5999000,1,1,39.0,1,Orekhovo-Borisovo Yuzhnoye
1,0,18349.00938390612,4,0.0,36.0,15.0,394,0,9,9250000,3,1,58.1,1,Orekhovo-Borisovo Yuzhnoye
1,0,17983.575323326502,7,1.0,44.0,5.0,395,0,17,10500000,3,1,76.0,1,Orekhovo-Borisovo Yuzhnoye
1,0,18222.886658181073,2,7.0,60.0,12.0,396,0,12,10700000,4,1,85.0,1,Orekhovo-Borisovo Yuzhnoye
1,0,17959.42948289394,1,1.0,42.0,10.0,397,0,16,10700000,3,0,70.0,1,Orekhovo-Borisovo Yuzhnoye
1,0,18222.886658181073,2,7.0,60.0,13.0,398,0,12,10700000,4,1,85.0,1,Orekhovo-Borisovo Yuzhnoye
1,0,18387.08257884422,8,1.0,43.0,12.0,399,0,16,10700000,3,1,72.0,1,Orekhovo-Borisovo Yuzhnoye
1,0,18262.418243985165,14,1.0,46.0,10.0,400,0,17,10750000,3,1,77.0,1,Orekhovo-Borisovo Yuzhnoye
1,0,17959.42948289394,1,1.0,42.0,10.0,401,0,16,10800000,3,1,70.0,1,Orekhovo-Borisovo Yuzhnoye
0,0,17154.820366021086,1,1.0,43.0,3.0,402,0,22,10900000,3,1,76.0,1,Orekhovo-Borisovo Yuzhnoye
1,0,18655.223491685865,7,1.0,45.3,10.0,403,0,17,11000000,3,1,74.6,0,Orekhovo-Borisovo Yuzhnoye
1,0,18262.418243985165,7,1.0,45.8,10.0,404,0,17,11000000,3,1,74.5,1,Orekhovo-Borisovo Yuzhnoye
1,1,18324.89228448692,2,1.0,60.0,7.0,405,1,12,11040000,3,1,92.0,1,Orekhovo-Borisovo Yuzhnoye
1,1,18771.56085808203,8,8.0,40.0,25.0,406,0,27,11200000,3,1,75.0,1,Orekhovo-Borisovo Yuzhnoye
1,1,17471.09999110767,13,9.0,32.0,10.0,407,0,17,11300000,2,1,54.0,1,Orekhovo-Borisovo Yuzhnoye
1,0,18680.912910828414,3,1.0,46.2,12.0,408,0,16,11299999,3,1,74.8,1,Orekhovo-Borisovo Yuzhnoye
1,0,17331.0584053824,8,1.0,45.0,5.0,409,0,17,11490000,3,1,75.0,1,Orekhovo-Borisovo Yuzhnoye
1,0,17376.14251259428,3,1.0,44.0,7.0,410,0,17,11500000,3,1,75.0,0,Orekhovo-Borisovo Yuzhnoye
1,0,18440.387542955898,8,6.0,60.0,7.0,411,0,12,11600000,4,1,85.0,1,Orekhovo-Borisovo Yuzhnoye
1,0,18843.7439387692,5,1.0,34.0,10.0,412,0,24,11700000,2,1,59.0,1,Orekhovo-Borisovo Yuzhnoye
1,0,17614.210932652015,12,1.0,46.0,7.0,413,0,16,11800000,3,1,75.0,1,Orekhovo-Borisovo Yuzhnoye
1,1,18324.89228448692,18,1.0,60.0,7.0,414,1,19,11980500,3,1,81.5,1,Orekhovo-Borisovo Yuzhnoye
1,0,17480.38830330148,5,1.0,46.0,8.0,415,0,16,12000000,3,1,78.0,1,Orekhovo-Borisovo Yuzhnoye
1,0,18314.731198294932,13,1.0,43.0,11.0,416,0,17,12000000,3,1,74.0,1,Orekhovo-Borisovo Yuzhnoye
1,0,18771.56085808203,4,9.0,40.0,21.0,417,0,24,12000000,3,1,70.0,1,Orekhovo-Borisovo Yuzhnoye
1,1,18618.716637523008,20,1.0,66.0,15.0,418,0,24,12100000,3,1,80.2,1,Orekhovo-Borisovo Yuzhnoye
1,0,17154.820366021086,8,1.0,45.0,9.0,419,0,22,12290000,3,1,78.0,1,Orekhovo-Borisovo Yuzhnoye
1,0,18349.00938390612,4,0.0,36.0,15.0,420,0,9,9250000,3,1,58.1,1,Orekhovo-Borisovo Yuzhnoye
1,1,18324.89228448692,3,0.0,18.0,7.0,421,1,10,3575000,1,1,28.6,1,Orekhovo-Borisovo Yuzhnoye
1,0,17321.14173009219,8,1.0,34.0,7.0,422,0,17,10300000,2,1,60.0,1,Orekhovo-Borisovo Yuzhnoye
1,0,17154.820366021086,8,1.0,45.1,5.0,423,0,22,12300000,3,0,78.0,1,Orekhovo-Borisovo Yuzhnoye
1,0,17154.820366021086,18,1.0,46.2,5.0,424,0,22,12500000,3,1,78.0,1,Orekhovo-Borisovo Yuzhnoye
1,0,17154.820366021086,8,1.0,45.1,5.0,425,0,22,12660000,3,0,78.0,1,Orekhovo-Borisovo Yuzhnoye
1,0,17154.820366021086,18,1.0,44.7,5.0,426,0,22,12799000,3,1,78.7,1,Orekhovo-Borisovo Yuzhnoye
1,1,18324.89228448692,14,1.0,60.0,7.0,427,1,16,12916260,3,1,91.8,1,Orekhovo-Borisovo Yuzhnoye
1,0,17598.808066761794,8,1.0,46.0,15.0,428,0,16,13000000,3,1,75.0,1,Orekhovo-Borisovo Yuzhnoye
1,1,18618.716637523008,12,1.0,49.0,23.0,429,0,25,13000000,3,1,78.0,1,Orekhovo-Borisovo Yuzhnoye
0,1,18324.89228448692,13,1.0,60.0,7.0,430,1,19,13050800,3,1,82.6,1,Orekhovo-Borisovo Yuzhnoye
1,0,17221.443586559893,6,9.0,47.0,10.0,431,0,16,13300000,3,1,68.0,1,Orekhovo-Borisovo Yuzhnoye
1,1,18618.716637523008,15,1.0,54.4,20.0,432,0,24,13500000,3,1,75.2,1,Orekhovo-Borisovo Yuzhnoye
1,0,17191.559959917886,12,1.0,62.0,12.0,433,0,22,14400000,4,1,100.0,1,Orekhovo-Borisovo Yuzhnoye
1,0,17168.40517837257,8,1.0,61.0,10.0,434,0,22,15000000,3,1,99.0,1,Orekhovo-Borisovo Yuzhnoye
1,0,17191.559959917886,2,1.0,64.5,12.0,435,0,22,15800000,4,1,99.0,1,Orekhovo-Borisovo Yuzhnoye
1,0,17191.559959917886,18,1.0,65.0,6.0,436,0,22,15800000,4,1,101.0,1,Orekhovo-Borisovo Yuzhnoye
1,0,17168.40517837257,9,1.0,62.9,10.0,437,0,22,16000000,4,0,98.6,1,Orekhovo-Borisovo Yuzhnoye
1,1,17541.999198337842,9,1.0,44.3,13.0,438,0,17,16450000,3,0,78.9,1,Orekhovo-Borisovo Yuzhnoye
1,1,18809.56773679751,8,1.0,19.0,15.0,439,0,12,3850000,1,0,43.0,0,Orekhovo-Borisovo Yuzhnoye
1,0,18222.886658181073,4,7.0,18.0,15.0,440,0,12,4450000,1,1,35.0,1,Orekhovo-Borisovo Yuzhnoye
0,0,18229.580674272685,5,6.0,15.0,10.0,441,0,9,4700000,1,1,30.0,1,Orekhovo-Borisovo Yuzhnoye
0,0,18096.716101500628,1,9.0,17.0,12.0,442,0,12,4800000,1,1,36.0,1,Orekhovo-Borisovo Yuzhnoye
0,0,18042.821050449988,1,9.0,19.0,10.0,443,0,17,4890000,1,1,39.0,1,Orekhovo-Borisovo Yuzhnoye
0,0,17331.0584053824,2,8.0,19.2,5.0,444,0,17,5200000,1,1,38.4,1,Orekhovo-Borisovo Yuzhnoye
1,0,17791.50320726851,4,6.0,21.0,8.0,445,0,9,5300000,1,1,36.1,1,Orekhovo-Borisovo Yuzhnoye
0,0,18279.878974684423,8,1.0,19.0,18.0,446,0,12,5499999,1,1,35.0,1,Orekhovo-Borisovo Yuzhnoye
1,0,17565.574719305358,5,6.0,18.0,7.0,447,0,10,5500000,1,1,33.0,1,Orekhovo-Borisovo Yuzhnoye
1,1,18324.89228448692,3,0.0,18.0,7.0,448,1,10,3575000,1,1,28.6,1,Orekhovo-Borisovo Yuzhnoye
1,0,18349.00938390612,4,0.0,36.0,15.0,449,0,9,9250000,3,1,58.1,1,Orekhovo-Borisovo Yuzhnoye
1,1,18771.56085808203,24,9.0,18.0,20.0,450,0,25,5999000,1,1,39.0,1,Orekhovo-Borisovo Yuzhnoye
1,0,17902.32429459243,7,7.0,19.5,15.0,451,0,9,5500000,1,1,34.0,1,Orekhovo-Borisovo Yuzhnoye
1,0,17637.24263170631,12,8.0,20.0,13.0,452,0,16,5600000,1,0,38.0,1,Orekhovo-Borisovo Yuzhnoye
1,0,18415.207467433855,12,1.0,17.0,15.0,453,0,16,5600000,1,1,36.0,1,Orekhovo-Borisovo Yuzhnoye
1,0,18277.589991703244,13,8.0,20.0,5.0,454,0,17,5600000,1,0,38.0,1,Orekhovo-Borisovo Yuzhnoye
1,0,18655.223491685865,8,8.0,20.0,18.0,455,0,17,5650000,1,1,38.0,1,Orekhovo-Borisovo Yuzhnoye
1,0,17583.0536953293,4,7.0,20.0,12.0,456,0,9,5700000,1,1,34.0,1,Orekhovo-Borisovo Yuzhnoye
1,0,18042.821050449988,6,8.0,20.0,12.0,457,0,17,5700000,1,1,39.0,1,Orekhovo-Borisovo Yuzhnoye
1,0,17131.16757429582,9,7.0,19.0,7.0,458,0,9,5800000,1,1,33.0,1,Orekhovo-Borisovo Yuzhnoye
1,0,17309.25831025305,9,8.0,19.0,4.0,459,0,12,5800000,1,1,36.0,1,Orekhovo-Borisovo Yuzhnoye
1,0,17059.02311515387,6,7.0,19.7,10.0,460,0,9,5950000,1,1,36.0,1,Orekhovo-Borisovo Yuzhnoye
1,0,17221.443586559893,10,9.0,19.3,13.0,461,0,16,6000000,1,1,34.8,1,Orekhovo-Borisovo Yuzhnoye
0,0,18030.685639132047,7,7.0,26.0,15.0,462,0,9,6000000,2,1,45.0,1,Orekhovo-Borisovo Yuzhnoye
1,0,18187.416764940946,6,5.0,20.0,15.0,463,0,9,6150000,1,1,34.0,1,Orekhovo-Borisovo Yuzhnoye
0,0,17194.757493519835,3,6.0,25.0,7.0,464,0,9,6500000,2,1,41.0,1,Orekhovo-Borisovo Yuzhnoye
1,0,17153.196853481826,1,7.0,31.0,4.0,465,0,9,6600000,2,1,44.0,1,Orekhovo-Borisovo Yuzhnoye
1,0,18222.886658181073,10,7.0,30.0,15.0,466,0,12,6790000,2,1,47.0,1,Orekhovo-Borisovo Yuzhnoye
1,0,18289.584523040066,5,7.0,28.0,2.0,467,0,9,6800000,2,0,47.0,0,Orekhovo-Borisovo Yuzhnoye
1,1,18895.513368248547,5,1.0,39.0,27.0,468,0,12,6800000,2,1,73.0,1,Orekhovo-Borisovo Yuzhnoye
1,0,17265.648924435918,12,7.0,27.9,8.0,469,0,12,7200000,2,1,46.4,1,Orekhovo-Borisovo Yuzhnoye
0,0,18655.223491685865,3,1.0,31.0,5.0,470,0,17,7200000,2,1,52.0,1,Orekhovo-Borisovo Yuzhnoye
1,0,18577.25743879618,2,8.0,30.4,15.0,471,0,14,7250000,2,1,52.1,1,Orekhovo-Borisovo Yuzhnoye
1,0,17791.50320726851,9,6.0,30.0,5.0,472,0,9,7300000,2,1,46.0,1,Orekhovo-Borisovo Yuzhnoye
0,0,18373.577847139088,3,1.0,32.0,7.0,473,0,17,7300000,2,0,54.0,1,Orekhovo-Borisovo Yuzhnoye
0,0,17084.694504593084,8,7.0,19.0,4.0,474,0,9,7300000,1,1,32.4,1,Orekhovo-Borisovo Yuzhnoye
1,0,17160.724846634388,3,6.0,34.0,7.0,475,0,9,7300000,3,1,51.0,1,Orekhovo-Borisovo Yuzhnoye
1,0,18349.00938390612,4,2.0,29.0,15.0,476,0,9,9250000,2,1,58.1,1,Orekhovo-Borisovo Yuzhnoye
1,0,18349.00938390612,4,0.0,36.0,15.0,477,0,9,9250000,3,1,58.1,1,Orekhovo-Borisovo Yuzhnoye
0,0,17583.0536953293,7,6.0,21.0,10.0,478,0,9,5300000,1,1,35.0,1,Orekhovo-Borisovo Yuzhnoye
1,0,18655.223491685865,2,9.0,30.0,15.0,479,0,17,7450000,2,1,52.0,1,Orekhovo-Borisovo Yuzhnoye
1,0,18385.027329388435,7,6.0,30.0,21.0,480,0,9,7500000,2,1,47.2,1,Orekhovo-Borisovo Yuzhnoye
1,0,18387.08257884422,17,9.0,33.0,10.0,481,0,17,7500000,2,1,52.0,1,Orekhovo-Borisovo Yuzhnoye
1,0,18448.462609415834,13,1.0,29.0,15.0,482,0,16,7700000,2,1,51.0,1,Orekhovo-Borisovo Yuzhnoye
1,0,18042.821050449988,3,8.0,30.0,15.0,483,0,17,7800000,2,1,50.0,1,Orekhovo-Borisovo Yuzhnoye
1,0,18203.523578481185,3,8.0,31.0,9.0,484,0,17,7800000,2,1,52.0,1,Orekhovo-Borisovo Yuzhnoye
1,0,17929.745508968696,5,7.0,46.0,15.0,485,0,12,7900000,3,1,60.0,1,Orekhovo-Borisovo Yuzhnoye
1,0,17565.574719305358,1,6.0,36.0,7.0,486,0,9,7900000,3,1,62.0,1,Orekhovo-Borisovo Yuzhnoye
1,0,18361.331118902075,4,8.0,29.0,16.0,487,0,12,8000000,2,0,50.0,1,Orekhovo-Borisovo Yuzhnoye
1,0,17652.957117964474,9,8.0,37.9,14.0,488,0,9,8000000,3,1,60.0,1,Orekhovo-Borisovo Yuzhnoye
0,0,18028.325997414137,4,9.0,44.0,9.0,489,0,12,8200000,3,1,61.0,1,Orekhovo-Borisovo Yuzhnoye
1,0,18223.131984780128,13,9.0,31.0,9.0,490,0,17,8200000,2,1,52.0,1,Orekhovo-Borisovo Yuzhnoye
1,0,18339.34580864216,6,8.0,39.0,16.0,491,0,9,8200000,3,1,63.0,1,Orekhovo-Borisovo Yuzhnoye
1,0,18042.821050449988,4,8.0,31.0,10.0,492,0,17,8300000,2,1,51.0,1,Orekhovo-Borisovo Yuzhnoye
1,0,17615.55355192256,8,8.0,30.0,10.0,493,0,12,8300000,2,1,53.0,1,Orekhovo-Borisovo Yuzhnoye
1,0,17833.200175504204,5,6.0,39.0,12.0,494,0,9,8500000,3,1,57.0,1,Orekhovo-Borisovo Yuzhnoye
1,0,17735.25247782424,7,8.0,30.4,13.0,495,0,12,8600000,2,1,53.0,1,Orekhovo-Borisovo Yuzhnoye
1,0,17987.949368967467,3,7.0,44.0,5.0,496,0,12,8600000,3,1,62.0,1,Orekhovo-Borisovo Yuzhnoye
1,0,18289.584523040066,7,8.0,41.0,10.0,497,0,9,8900000,3,1,64.0,1,Orekhovo-Borisovo Yuzhnoye
1,0,17614.210932652015,4,9.0,33.0,9.0,498,0,16,8900000,2,0,53.9,1,Orekhovo-Borisovo Yuzhnoye
1,0,17676.398639420124,7,7.0,39.1,6.0,499,0,9,9000000,3,1,60.6,1,Orekhovo-Borisovo Yuzhnoye
1,0,17376.42106983749,1,6.0,43.7,5.0,500,0,12,9150000,3,1,63.0,1,Orekhovo-Borisovo Yuzhnoye
1,0,17983.575323326502,2,1.0,46.0,6.0,501,0,17,9300000,3,1,74.0,1,Orekhovo-Borisovo Yuzhnoye
1,0,18314.731198294932,13,1.0,32.0,9.0,502,0,17,9400000,2,1,56.0,1,Orekhovo-Borisovo Yuzhnoye
1,0,18003.555102194994,4,7.0,42.0,10.0,503,0,9,9500000,3,1,60.0,1,Orekhovo-Borisovo Yuzhnoye
1,1,18324.89228448692,3,0.0,18.0,7.0,504,1,10,3575000,1,1,28.6,1,Orekhovo-Borisovo Yuzhnoye
1,1,18324.89228448692,2,1.0,35.0,7.0,505,1,12,6555600,2,1,60.7,1,Orekhovo-Borisovo Yuzhnoye
1,0,18349.00938390612,4,0.0,36.0,15.0,506,0,9,9250000,3,1,58.1,1,Orekhovo-Borisovo Yuzhnoye
0,0,18232.13717319774,11,6.0,54.1,12.0,507,0,12,9500000,4,1,84.5,1,Orekhovo-Borisovo Yuzhnoye
1,1,18169.8109912978,2,1.0,45.0,17.0,508,0,17,9550000,3,1,75.0,1,Orekhovo-Borisovo Yuzhnoye
1,0,18440.387542955898,7,6.0,60.0,10.0,509,0,12,9700000,4,1,84.5,1,Orekhovo-Borisovo Yuzhnoye
1,0,18440.387542955898,2,7.0,55.0,14.0,510,0,12,10000000,4,0,85.0,1,Orekhovo-Borisovo Yuzhnoye
0,0,18023.429048027156,1,1.0,45.1,7.0,511,0,17,10000000,3,1,74.5,1,Orekhovo-Borisovo Yuzhnoye
1,0,18314.731198294932,11,9.0,45.1,11.0,512,0,17,10200000,3,1,76.4,1,Orekhovo-Borisovo Yuzhnoye
1,0,18042.821050449988,5,1.0,49.0,15.0,513,0,17,10400000,3,1,76.0,1,Orekhovo-Borisovo Yuzhnoye
1,0,18655.223491685865,7,1.0,46.0,18.0,514,0,17,10490000,3,1,75.0,1,Orekhovo-Borisovo Yuzhnoye
1,0,17873.50487043106,13,1.0,45.0,4.0,515,0,17,10499999,3,1,75.0,1,Orekhovo-Borisovo Yuzhnoye
1,0,17059.02311515387,5,8.0,39.0,10.0,516,0,9,10500000,3,1,63.0,1,Orekhovo-Borisovo Yuzhnoye
1,0,18262.418243985165,8,1.0,57.0,10.0,517,0,17,10500000,3,1,75.0,1,Orekhovo-Borisovo Yuzhnoye
1,1,18771.56085808203,9,8.0,55.0,20.0,518,0,27,10960000,3,1,75.0,1,Orekhovo-Borisovo Yuzhnoye
1,0,18314.731198294932,16,1.0,46.0,10.0,519,0,17,10990000,3,1,78.0,1,Orekhovo-Borisovo Yuzhnoye
1,0,18129.123611752366,9,1.0,46.1,11.0,520,0,22,11300000,3,1,77.8,1,Orekhovo-Borisovo Yuzhnoye
1,0,18440.387542955898,8,7.0,60.0,10.0,521,0,12,11750000,4,0,85.0,1,Orekhovo-Borisovo Yuzhnoye
1,0,17471.09999110767,15,1.0,34.0,14.0,522,0,17,11990000,2,1,60.0,1,Orekhovo-Borisovo Yuzhnoye
1,0,17265.648924435918,2,7.0,41.5,7.0,523,0,12,11999000,3,1,61.1,1,Orekhovo-Borisovo Yuzhnoye
1,0,17376.14251259428,3,1.0,45.0,7.0,524,0,17,12000000,3,1,74.0,1,Orekhovo-Borisovo Yuzhnoye
1,0,18277.589991703244,15,1.0,52.0,12.0,525,0,17,12500000,3,1,76.0,1,Orekhovo-Borisovo Yuzhnoye
1,0,18531.87033058991,6,1.0,55.0,7.0,526,0,16,13000000,3,1,74.8,0,Orekhovo-Borisovo Yuzhnoye
1,0,18644.898031214037,14,1.0,54.0,15.0,527,0,25,13400000,3,0,80.0,1,Orekhovo-Borisovo Yuzhnoye
1,0,17654.628179336207,15,1.0,44.0,11.0,528,0,16,13500000,3,1,72.6,1,Orekhovo-Borisovo Yuzhnoye
0,0,18441.36939417144,10,9.0,19.0,15.0,529,0,12,5500000,1,1,35.0,1,Orekhovo-Borisovo Yuzhnoye
1,0,17902.32429459243,3,6.0,29.7,14.0,530,0,9,6900000,2,0,45.7,1,Orekhovo-Borisovo Yuzhnoye
1,0,18169.48935828255,8,6.0,29.0,17.0,531,0,9,7300000,2,1,45.0,1,Orekhovo-Borisovo Yuzhnoye
1,0,18222.886658181073,12,7.0,45.0,10.0,532,0,12,8561174,3,1,66.0,1,Orekhovo-Borisovo Yuzhnoye
1,0,17321.14173009219,8,1.0,34.0,7.0,533,0,17,10300000,2,1,60.0,1,Orekhovo-Borisovo Yuzhnoye
1,1,18324.89228448692,2,1.0,35.0,7.0,534,1,12,6555600,2,1,60.7,1,Orekhovo-Borisovo Yuzhnoye
1,0,18262.418243985165,2,9.0,32.0,10.0,535,0,17,7300000,2,1,54.0,1,Orekhovo-Borisovo Yuzhnoye
1,0,17545.897168166935,6,6.0,30.4,8.0,536,0,9,7350000,2,1,45.8,1,Orekhovo-Borisovo Yuzhnoye
1,0,17735.25247782424,8,9.0,38.0,10.0,537,0,12,9500000,2,1,54.0,0,Orekhovo-Borisovo Yuzhnoye
1,0,17654.628179336207,8,1.0,52.0,11.0,538,0,16,11800000,3,1,80.0,1,Orekhovo-Borisovo Yuzhnoye
1,0,18680.912910828414,9,1.0,46.0,12.0,539,0,16,11800000,3,1,75.0,1,Orekhovo-Borisovo Yuzhnoye
0,0,18081.93658615719,1,8.0,19.0,10.0,540,0,12,4900000,1,1,36.0,1,Orekhovo-Borisovo Yuzhnoye
1,0,17637.24263170631,12,8.0,20.0,9.0,541,0,16,5800000,1,0,38.0,1,Orekhovo-Borisovo Yuzhnoye
1,0,18349.00938390612,8,6.0,43.0,20.0,542,0,9,7690000,3,0,61.0,1,Orekhovo-Borisovo Yuzhnoye
1,0,18277.589991703244,6,9.0,30.0,12.0,543,0,17,7800000,2,1,51.0,1,Orekhovo-Borisovo Yuzhnoye
1,0,17983.575323326502,2,1.0,45.0,4.0,544,0,17,9300000,3,1,75.0,1,Orekhovo-Borisovo Yuzhnoye
0,0,17849.894169214964,6,6.0,18.9,16.0,545,0,9,4235000,1,0,32.6,1,Orekhovo-Borisovo Yuzhnoye
0,0,17849.894169214964,3,6.0,27.8,16.0,546,0,9,5493000,2,0,44.2,1,Orekhovo-Borisovo Yuzhnoye
0,0,17849.894169214964,5,6.0,31.0,20.0,547,0,9,6300000,2,1,44.3,1,Orekhovo-Borisovo Yuzhnoye
1,0,17745.286163973124,1,6.0,30.0,10.0,548,0,9,6800000,2,1,47.0,1,Orekhovo-Borisovo Yuzhnoye
1,0,18262.418243985165,2,9.0,32.1,10.0,549,0,17,7300000,2,0,54.0,1,Orekhovo-Borisovo Yuzhnoye
0,0,17578.29568113977,2,1.0,31.0,10.0,550,0,9,7500000,2,0,58.0,1,Orekhovo-Borisovo Yuzhnoye
1,0,17709.061518939085,1,8.0,29.0,3.0,551,0,12,8400000,2,1,50.0,1,Orekhovo-Borisovo Yuzhnoye
1,0,17525.822394936313,9,8.0,40.0,9.0,552,0,9,9800000,3,1,61.0,1,Orekhovo-Borisovo Yuzhnoye
1,0,17873.50487043106,13,1.0,46.0,6.0,553,0,17,10500000,3,0,76.0,1,Orekhovo-Borisovo Yuzhnoye
1,0,18042.821050449988,4,8.0,44.0,10.0,554,0,17,10500000,3,0,75.0,1,Orekhovo-Borisovo Yuzhnoye
1,0,18042.821050449988,4,8.0,44.0,10.0,555,0,17,10500000,3,0,75.0,1,Orekhovo-Borisovo Yuzhnoye
1,0,17857.590639608952,4,9.0,46.0,3.0,556,0,17,10500000,3,1,79.0,1,Orekhovo-Borisovo Yuzhnoye
1,0,17086.34464310899,9,6.0,47.0,1.0,557,0,9,10500000,3,0,58.0,1,Orekhovo-Borisovo Yuzhnoye
1,0,17614.210932652015,16,1.0,46.0,8.0,558,0,16,11000000,3,1,75.0,1,Orekhovo-Borisovo Yuzhnoye
1,0,18531.87033058991,11,1.0,46.3,8.0,559,0,16,11990000,3,1,80.0,0,Orekhovo-Borisovo Yuzhnoye
1,0,17321.14173009219,8,1.0,34.0,7.0,560,0,17,10300000,2,1,60.0,1,Orekhovo-Borisovo Yuzhnoye
1,0,18222.886658181073,12,7.0,45.0,10.0,561,0,12,8804254,3,1,66.0,1,Orekhovo-Borisovo Yuzhnoye
1,0,18349.00938390612,4,0.0,36.0,15.0,562,0,9,9250000,3,1,58.1,1,Orekhovo-Borisovo Yuzhnoye
1,0,18349.00938390612,4,0.0,36.0,15.0,563,0,9,9250000,3,1,58.1,1,Orekhovo-Borisovo Yuzhnoye
1,1,18771.56085808203,24,9.0,18.0,20.0,564,0,25,5999000,1,1,39.0,1,Orekhovo-Borisovo Yuzhnoye
0,0,17583.0536953293,7,6.0,21.0,10.0,565,0,9,5300000,1,1,35.0,1,Orekhovo-Borisovo Yuzhnoye
1,0,18349.00938390612,4,0.0,36.0,15.0,566,0,9,9250000,3,1,58.1,1,Orekhovo-Borisovo Yuzhnoye
1,1,18324.89228448692,2,1.0,35.0,7.0,567,1,12,6555600,2,1,60.7,1,Orekhovo-Borisovo Yuzhnoye
1,0,18349.00938390612,4,2.0,29.0,15.0,568,0,9,9250000,2,1,58.1,1,Orekhovo-Borisovo Yuzhnoye
1,1,18324.89228448692,2,1.0,35.0,7.0,569,1,12,6555600,2,1,60.7,1,Orekhovo-Borisovo Yuzhnoye
1,0,18349.00938390612,4,2.0,29.0,15.0,570,0,9,9250000,2,1,58.1,1,Orekhovo-Borisovo Yuzhnoye
1,0,18349.00938390612,4,0.0,36.0,15.0,571,0,9,9250000,3,1,58.1,1,Orekhovo-Borisovo Yuzhnoye
1,0,18349.00938390612,4,2.0,29.0,15.0,572,0,9,9250000,2,1,58.1,1,Orekhovo-Borisovo Yuzhnoye
1,0,18349.00938390612,4,0.0,36.0,15.0,573,0,9,9250000,3,1,58.1,1,Orekhovo-Borisovo Yuzhnoye
0,0,17583.0536953293,7,6.0,21.0,10.0,574,0,9,5300000,1,1,35.0,1,Orekhovo-Borisovo Yuzhnoye
1,0,18349.00938390612,4,2.0,29.0,15.0,575,0,9,9250000,2,1,58.1,1,Orekhovo-Borisovo Yuzhnoye
1,1,18324.89228448692,2,1.0,35.0,7.0,576,1,12,6555600,2,1,60.7,1,Orekhovo-Borisovo Yuzhnoye
1,0,18222.886658181073,12,7.0,45.0,10.0,577,0,12,8804254,3,1,66.0,1,Orekhovo-Borisovo Yuzhnoye
1,1,18324.89228448692,2,1.0,35.0,7.0,578,1,12,6555600,2,1,60.7,1,Orekhovo-Borisovo Yuzhnoye
1,0,18349.00938390612,4,0.0,36.0,15.0,579,0,9,9250000,3,1,58.1,1,Orekhovo-Borisovo Yuzhnoye
1,0,18349.00938390612,4,2.0,29.0,15.0,580,0,9,9250000,2,1,58.1,1,Orekhovo-Borisovo Yuzhnoye
1,0,18349.00938390612,4,2.0,29.0,15.0,581,0,9,9250000,2,1,58.1,1,Orekhovo-Borisovo Yuzhnoye
1,1,18324.89228448692,2,1.0,35.0,7.0,582,1,12,6555600,2,1,60.7,1,Orekhovo-Borisovo Yuzhnoye
1,1,18324.89228448692,3,0.0,18.0,7.0,583,1,10,3575000,1,1,28.6,1,Orekhovo-Borisovo Yuzhnoye
1,0,17321.14173009219,8,1.0,34.0,7.0,584,0,17,10300000,2,1,60.0,1,Orekhovo-Borisovo Yuzhnoye
1,0,18349.00938390612,4,0.0,36.0,15.0,585,0,9,9250000,3,1,58.1,1,Orekhovo-Borisovo Yuzhnoye
1,0,18222.886658181073,12,7.0,45.0,10.0,586,0,12,8804254,3,1,66.0,1,Orekhovo-Borisovo Yuzhnoye
